n,k,comparisons, execution_time
1000,1,7,0.03892520000226796
1000,2,4,0.03681000001961365
1000,3,8,0.041365500015672296
1000,4,9,0.03654960001586005
1000,5,9,0.035735599987674505
1000,6,10,0.03749519999837503
1000,7,5,0.037612799962516874
1000,8,9,0.037439300038386136
1000,9,9,0.03899919998366386
1000,10,9,0.040542100032325834
2000,1,11,0.04155849997187033
2000,2,9,0.03919879999011755
2000,3,11,0.038589200004935265
2000,4,11,0.046638700005132705
2000,5,11,0.0425130000221543
2000,6,10,0.047901200014166534
2000,7,8,0.05181340000126511
2000,8,11,0.04871960001764819
2000,9,9,0.050391800003126264
2000,10,11,0.047490399971138686
3000,1,10,0.04615670000202954
3000,2,7,0.04394729994237423
3000,3,12,0.04553860001033172
3000,4,8,0.043233699980191886
3000,5,8,0.044088799972087145
3000,6,11,0.043736400024499744
3000,7,10,0.056855999981053174
3000,8,9,0.0573928999947384
3000,9,12,0.07014320004964247
3000,10,10,0.06431719998363405
4000,1,12,0.05527549999533221
4000,2,11,0.06218700000317767
4000,3,10,0.04697290004696697
4000,4,11,0.04816720000235364
4000,5,10,0.04576050001196563
4000,6,12,0.04410110000753775
4000,7,10,0.04891319997841492
4000,8,5,0.048416600038763136
4000,9,11,0.04853420000290498
4000,10,12,0.04705550003563985
5000,1,11,0.04718029999639839
5000,2,12,0.0468375000054948
5000,3,12,0.04521660000318661
5000,4,10,0.04335059999721125
5000,5,11,0.043211800046265125
5000,6,13,0.04396959999576211
5000,7,13,0.04978000000119209
5000,8,12,0.044161600002553314
5000,9,12,0.04337650001980364
5000,10,11,0.049257899983786047
6000,1,11,0.04601140000158921
6000,2,11,0.046689099981449544
6000,3,12,0.055369600013364106
6000,4,9,0.044054800004232675
6000,5,9,0.04470699996454641
6000,6,12,0.04461850004736334
6000,7,12,0.05000449996441603
6000,8,9,0.04259609995642677
6000,9,12,0.04447820002678782
6000,10,12,0.05197460000636056
7000,1,11,0.044769000029191375
7000,2,12,0.045954199973493814
7000,3,12,0.05387599999085069
7000,4,10,0.04286089999368414
7000,5,11,0.04368770000291988
7000,6,9,0.043466700008139014
7000,7,11,0.053150099993217736
7000,8,11,0.04568529996322468
7000,9,12,0.04576700000325218
7000,10,10,0.04636570002185181
8000,1,12,0.047219500003848225
8000,2,13,0.047024100029375404
8000,3,11,0.04843259998597205
8000,4,13,0.04786019999301061
8000,5,12,0.05511120002483949
8000,6,12,0.05228289996739477
8000,7,10,0.050950300006661564
8000,8,13,0.04936810000799596
8000,9,13,0.04973039997275919
8000,10,10,0.05022170004667714
9000,1,13,0.050041800015605986
9000,2,12,0.04921110003488138
9000,3,12,0.04881859995657578
9000,4,12,0.04951089998940006
9000,5,11,0.04851630004122853
9000,6,13,0.04718170000705868
9000,7,12,0.04704939998919144
9000,8,11,0.04561430000467226
9000,9,12,0.04626329999882728
9000,10,11,0.04674060002434999
10000,1,9,0.048023999959696084
10000,2,13,0.048401699983514845
10000,3,13,0.05002690001856536
10000,4,12,0.049298199999611825
10000,5,14,0.051543000037781894
10000,6,13,0.04708049999317154
10000,7,13,0.048983899992890656
10000,8,10,0.04903819999890402
10000,9,11,0.047216400038450956
10000,10,13,0.047718900023028255
11000,1,5,0.04987990000518039
11000,2,10,0.049674300011247396
11000,3,13,0.04866430000402033
11000,4,12,0.049084800004493445
11000,5,14,0.04972740000812337
11000,6,13,0.04970910004340112
11000,7,10,0.0508652999997139
11000,8,13,0.050496899988502264
11000,9,12,0.04995179997058585
11000,10,10,0.049418400041759014
12000,1,11,0.051052199967671186
12000,2,8,0.050671499979216605
12000,3,13,0.050299900001846254
12000,4,12,0.05022930004633963
12000,5,13,0.051371100009419024
12000,6,12,0.05215509998379275
12000,7,14,0.05206359998555854
12000,8,9,0.05347740004071966
12000,9,10,0.05273350002244115
12000,10,12,0.05137300002388656
13000,1,13,0.052599199989344925
13000,2,12,0.053139899973757565
13000,3,13,0.05236700002569705
13000,4,14,0.06135949998861179
13000,5,12,0.05172980000497773
13000,6,12,0.05426030000671744
13000,7,12,0.05051359999924898
13000,8,13,0.05345030000898987
13000,9,13,0.052960500004701316
13000,10,13,0.053519400011282414
14000,1,14,0.054557700001168996
14000,2,14,0.0529687000089325
14000,3,13,0.0525774999987334
14000,4,13,0.058641000010538846
14000,5,14,0.05420459999004379
14000,6,14,0.05373530002543703
14000,7,11,0.052825899969320744
14000,8,11,0.052582799980882555
14000,9,14,0.055645300017204136
14000,10,12,0.055208200006745756
15000,1,14,0.053778700006660074
15000,2,13,0.05383260000962764
15000,3,14,0.055567000003065914
15000,4,13,0.053470399987418205
15000,5,11,0.054872000007890165
15000,6,14,0.06151520001003519
15000,7,14,0.07543880003504455
15000,8,12,0.07061910000629723
15000,9,14,0.06960869999602437
15000,10,13,0.06748629995854571
16000,1,12,0.07863920001545921
16000,2,13,0.07289979996858165
16000,3,13,0.16446910001104698
16000,4,12,0.15899540000827983
16000,5,13,0.12097099999664351
16000,6,12,0.1361659000394866
16000,7,14,0.138111200009007
16000,8,13,0.10976510000182316
16000,9,13,0.08451779995812103
16000,10,12,0.08247590000974014
17000,1,12,0.07319580001058057
17000,2,13,0.07088720001047477
17000,3,14,0.08081319998018444
17000,4,14,0.08026680001057684
17000,5,14,0.06117100000847131
17000,6,14,0.06124800001271069
17000,7,12,0.06477999995695427
17000,8,12,0.057113499962724745
17000,9,12,0.06754379998892546
17000,10,14,0.05615720001515001
18000,1,12,0.06293170002754778
18000,2,9,0.05788500001654029
18000,3,13,0.05707119998987764
18000,4,11,0.058501899999100715
18000,5,15,0.058202499989420176
18000,6,14,0.057054099976085126
18000,7,10,0.05651429999852553
18000,8,14,0.056356399960350245
18000,9,12,0.056921100011095405
18000,10,12,0.05850250000366941
19000,1,13,0.06055140000535175
19000,2,11,0.05955569999059662
19000,3,15,0.05844629998318851
19000,4,13,0.059531600039917976
19000,5,14,0.05786559998523444
19000,6,12,0.058288700005505234
19000,7,14,0.05831760005094111
19000,8,14,0.06320530001539737
19000,9,13,0.058336200017947704
19000,10,14,0.057463400007691234
20000,1,14,0.062116999994032085
20000,2,11,0.0678990000160411
20000,3,13,0.06749310001032427
20000,4,13,0.059754000045359135
20000,5,14,0.06550470000365749
20000,6,13,0.05825699999695644
20000,7,14,0.058491500036325306
20000,8,11,0.058867800049483776
20000,9,13,0.06266470003174618
20000,10,13,0.06377189996419474
21000,1,14,0.06271389999892563
21000,2,14,0.06283070001518354
21000,3,10,0.061620599997695535
21000,4,13,0.062380700022913516
21000,5,13,0.062420599977485836
21000,6,10,0.061973100004252046
21000,7,13,0.06277070002397522
21000,8,13,0.06026299996301532
21000,9,14,0.06098980002570897
21000,10,14,0.06217509997077286
22000,1,15,0.06177750002825633
22000,2,10,0.06145999999716878
22000,3,12,0.0625570000265725
22000,4,10,0.06153400003677234
22000,5,13,0.06331140000838786
22000,6,11,0.061946699977852404
22000,7,15,0.06211170001188293
22000,8,11,0.06168189999880269
22000,9,12,0.06398679997073486
22000,10,11,0.060912500019185245
23000,1,15,0.06735379999736324
23000,2,13,0.06109959998866543
23000,3,14,0.06385910004610196
23000,4,14,0.06224529998144135
23000,5,11,0.06305260001681745
23000,6,14,0.06377989996690303
23000,7,15,0.06264590000500903
23000,8,13,0.06849900004453957
23000,9,14,0.0637651999713853
23000,10,9,0.061358299979474396
24000,1,15,0.07247439998900518
24000,2,14,0.06335750001017004
24000,3,15,0.07095129997469485
24000,4,13,0.06402260001050308
24000,5,13,0.06301920005353168
24000,6,14,0.06441289995564148
24000,7,14,0.06508950004354119
24000,8,11,0.06724150001537055
24000,9,13,0.06445210002129897
24000,10,15,0.06312000000616536
25000,1,13,0.06565079995198175
25000,2,12,0.06499060004716739
25000,3,11,0.06489059998420998
25000,4,11,0.06502520001959056
25000,5,9,0.06775079999351874
25000,6,13,0.0708083999925293
25000,7,14,0.0721120000234805
25000,8,10,0.06506479997187853
25000,9,14,0.06498259998625144
25000,10,14,0.0666262999875471
26000,1,14,0.06569839996518567
26000,2,14,0.06717270001536235
26000,3,15,0.06637630000477657
26000,4,12,0.06650170002831146
26000,5,14,0.06590779998805374
26000,6,12,0.06657939997967333
26000,7,15,0.06630150001728907
26000,8,10,0.06632849999004975
26000,9,15,0.06468850001692772
26000,10,15,0.06538619997445494
27000,1,10,0.06702529999893159
27000,2,14,0.06610329996328801
27000,3,14,0.06607900001108646
27000,4,15,0.06639519997406751
27000,5,14,0.06918329995824024
27000,6,15,0.06737669999711215
27000,7,14,0.06691069999942556
27000,8,12,0.07398200000170618
27000,9,15,0.06854050001129508
27000,10,14,0.07200590003049001
28000,1,13,0.06870920001529157
28000,2,14,0.06819459999678656
28000,3,15,0.0671911999816075
28000,4,14,0.0694686999777332
28000,5,14,0.06774500000756234
28000,6,13,0.07134959998074919
28000,7,13,0.06715170003008097
28000,8,11,0.06660610000835732
28000,9,10,0.06716289999894798
28000,10,15,0.0682647000066936
29000,1,14,0.06889419996878132
29000,2,13,0.0697988000465557
29000,3,12,0.07718249998288229
29000,4,14,0.07225880003534257
29000,5,15,0.0706110000028275
29000,6,14,0.0749474999611266
29000,7,14,0.06997749995207414
29000,8,11,0.07029389997478575
29000,9,13,0.06900310004130006
29000,10,14,0.06893569999374449
30000,1,12,0.069511900015641
30000,2,14,0.0708083999925293
30000,3,15,0.06875730003230274
30000,4,11,0.07358309999108315
30000,5,12,0.0698106000199914
30000,6,15,0.07150170003296807
30000,7,11,0.07300749997375533
30000,8,13,0.07161410001572222
30000,9,14,0.07444509997731075
30000,10,15,0.07172969996463507
31000,1,14,0.07190659997286275
31000,2,13,0.07799050002358854
31000,3,13,0.07110310002462938
31000,4,12,0.07183039997471496
31000,5,15,0.07049339998047799
31000,6,14,0.07161290000658482
31000,7,13,0.07026770000811666
31000,8,14,0.075432300043758
31000,9,13,0.06954409996978939
31000,10,13,0.07761300000129268
32000,1,15,0.07325070002116263
32000,2,15,0.07329730002675205
32000,3,14,0.07384550001006573
32000,4,15,0.07397929998114705
32000,5,13,0.0734031000174582
32000,6,8,0.0743646000046283
32000,7,15,0.07611540000652894
32000,8,14,0.0749847000115551
32000,9,14,0.078762499964796
32000,10,7,0.07359300000825897
33000,1,14,0.07972139999037609
33000,2,15,0.07287340000038967
33000,3,10,0.07463860005373135
33000,4,12,0.07651179999811575
33000,5,15,0.07464920001802966
33000,6,15,0.07618080003885552
33000,7,13,0.07313600002089515
33000,8,13,0.07493030000478029
33000,9,13,0.075450100004673
33000,10,15,0.07505029998719692
34000,1,15,0.07782899995800108
34000,2,12,0.07439640001393855
34000,3,15,0.07321910001337528
34000,4,15,0.07404009997844696
34000,5,14,0.07395379996160045
34000,6,13,0.07520959997782484
34000,7,14,0.07491520000621676
34000,8,15,0.0771629000082612
34000,9,15,0.07799639995209873
34000,10,14,0.07722529995953664
35000,1,15,0.07766810001339763
35000,2,14,0.07974580000154674
35000,3,11,0.08095900004263967
35000,4,12,0.07835279998835176
35000,5,13,0.0828341000014916
35000,6,15,0.07596380001632497
35000,7,15,0.0759109000209719
35000,8,15,0.07573979999870062
35000,9,13,0.07538799999747425
35000,10,15,0.07499870000174269
36000,1,15,0.08680300001287833
36000,2,15,0.08174650004366413
36000,3,15,0.07788639998761937
36000,4,14,0.07765260001178831
36000,5,14,0.07994859997415915
36000,6,13,0.08504179998999462
36000,7,13,0.07866320002358407
36000,8,13,0.08002739999210462
36000,9,14,0.07788720005191863
36000,10,13,0.0770390999969095
37000,1,13,0.07846980000613257
37000,2,14,0.07963519997429103
37000,3,14,0.08037880004849285
37000,4,15,0.08092749997740611
37000,5,13,0.07983170001534745
37000,6,11,0.08285030000843108
37000,7,14,0.08580290002282709
37000,8,15,0.07723759999498725
37000,9,14,0.08761210000375286
37000,10,11,0.09121310000773519
38000,1,14,0.09250000002793968
38000,2,14,0.08277360000647604
38000,3,14,0.08896449999883771
38000,4,12,0.08396820002235472
38000,5,15,0.08177609997801483
38000,6,14,0.0815557999885641
38000,7,15,0.07789230003254488
38000,8,14,0.07515910000074655
38000,9,8,0.07631069998024032
38000,10,10,0.07925499998964369
39000,1,16,0.08182969997869805
39000,2,13,0.08012270001927391
39000,3,16,0.08223380002891645
39000,4,14,0.08033020002767444
39000,5,10,0.07778870000038296
39000,6,15,0.07889940001768991
39000,7,15,0.08156210003653541
39000,8,16,0.08263199997600168
39000,9,15,0.08221550000598654
39000,10,15,0.07935510005336255
40000,1,13,0.0811647999798879
40000,2,12,0.08092799998121336
40000,3,16,0.08165250002639368
40000,4,13,0.07991919998312369
40000,5,16,0.08056510001188144
40000,6,12,0.08196360000874847
40000,7,13,0.08328229998005554
40000,8,14,0.08209370000986382
40000,9,14,0.08221640001283959
40000,10,15,0.08963980001863092
41000,1,15,0.09090489998925477
41000,2,15,0.08175949996802956
41000,3,14,0.08424300001934171
41000,4,13,0.08318040001904592
41000,5,13,0.08194249996449798
41000,6,14,0.08261390001280233
41000,7,14,0.08474210003623739
41000,8,15,0.08435499999905005
41000,9,16,0.08398510003462434
41000,10,10,0.08807080000406131
42000,1,13,0.08531410002615303
42000,2,15,0.09701689996290952
42000,3,15,0.08934469998348504
42000,4,15,0.08256399998208508
42000,5,16,0.08251969999400899
42000,6,16,0.08483700000215322
42000,7,15,0.0853610000340268
42000,8,15,0.08473639999283478
42000,9,13,0.08422720001544803
42000,10,16,0.08310019999044016
43000,1,14,0.09077449998585507
43000,2,14,0.09432730003027245
43000,3,14,0.08777729998109862
43000,4,14,0.08746539999265224
43000,5,13,0.08608139998978004
43000,6,14,0.08314619999146089
43000,7,14,0.0828887999523431
43000,8,9,0.087207899952773
43000,9,9,0.08482390001881868
43000,10,15,0.08485500002279878
44000,1,15,0.08652820001589134
44000,2,15,0.0842988999793306
44000,3,13,0.09100610000314191
44000,4,15,0.09255040000425652
44000,5,14,0.08608390000881627
44000,6,10,0.08753220003563911
44000,7,14,0.09182520001195371
44000,8,15,0.08497389999683946
44000,9,13,0.08568640000885352
44000,10,15,0.09710859996266663
45000,1,12,0.08667900000000373
45000,2,16,0.09374859998933971
45000,3,14,0.08518449997063726
45000,4,15,0.09065050003118813
45000,5,14,0.08639369998127222
45000,6,14,0.0891830999753438
45000,7,13,0.0893206000328064
45000,8,15,0.08833539998158813
45000,9,15,0.08683490002295002
45000,10,15,0.08652830001665279
46000,1,16,0.08709409995935857
46000,2,14,0.08990109997102991
46000,3,14,0.08607760001905262
46000,4,11,0.08962440001778305
46000,5,14,0.08650410000700504
46000,6,15,0.08771880000131205
46000,7,15,0.08950900001218542
46000,8,16,0.08843500004149973
46000,9,13,0.09381600003689528
46000,10,15,0.08936519996495917
47000,1,12,0.09107260004384443
47000,2,14,0.09012949996395037
47000,3,15,0.08976410003378987
47000,4,15,0.09731480001937598
47000,5,15,0.09094669995829463
47000,6,13,0.0899754999554716
47000,7,14,0.08840969996526837
47000,8,13,0.09121330000925809
47000,9,12,0.09854330000234768
47000,10,12,0.09267690003616735
48000,1,13,0.09290699998382479
48000,2,15,0.08854660001816228
48000,3,11,0.08762140001635998
48000,4,14,0.09526629996253178
48000,5,16,0.09082470001885667
48000,6,16,0.0899900000076741
48000,7,15,0.08706859999801964
48000,8,16,0.08721029997104779
48000,9,9,0.08937399997375906
48000,10,16,0.09326130000408739
49000,1,14,0.0906045000301674
49000,2,13,0.0979506999719888
49000,3,15,0.0921991000068374
49000,4,16,0.09412419999716803
49000,5,12,0.09608089999528602
49000,6,14,0.09283069998491555
49000,7,12,0.09730169997783378
49000,8,13,0.09713430004194379
49000,9,14,0.0907213999889791
49000,10,15,0.09110099996905774
50000,1,14,0.0910691000171937
50000,2,14,0.09261320001678541
50000,3,13,0.09298519999720156
50000,4,10,0.09399850002955645
50000,5,15,0.09466429997701198
50000,6,14,0.09891400003107265
50000,7,14,0.0923361000022851
50000,8,15,0.09244269999908283
50000,9,13,0.09186099999351427
50000,10,13,0.09307240002090111
51000,1,14,0.09929440001724288
51000,2,13,0.09401289996458218
51000,3,14,0.09150889999000356
51000,4,9,0.0946686000097543
51000,5,15,0.09355650003999472
51000,6,16,0.09665699995821342
51000,7,16,0.09231350000482053
51000,8,16,0.09286800003610551
51000,9,12,0.09285449999151751
51000,10,14,0.09324139996897429
52000,1,13,0.09726710000541061
52000,2,15,0.10671720001846552
52000,3,15,0.09698289999505505
52000,4,14,0.09519550000550225
52000,5,16,0.0946933000232093
52000,6,12,0.09610540000721812
52000,7,10,0.09681859996635467
52000,8,13,0.09399269998539239
52000,9,13,0.09349850000580773
52000,10,14,0.0946181999752298
53000,1,15,0.09488639998016879
53000,2,14,0.10142150003230199
53000,3,16,0.10441969998646528
53000,4,16,0.10262040002271533
53000,5,15,0.09498310001799837
53000,6,14,0.09331240004394203
53000,7,16,0.09614529996179044
53000,8,12,0.0970573999802582
53000,9,15,0.09881570003926754
53000,10,12,0.09563060000073165
54000,1,12,0.10297929996158928
54000,2,15,0.09577890002401546
54000,3,14,0.09610429999884218
54000,4,16,0.09541080001508817
54000,5,13,0.09468859998742118
54000,6,12,0.09610270004486665
54000,7,11,0.09699739998904988
54000,8,14,0.09621139999944717
54000,9,15,0.09775650000665337
54000,10,15,0.10027890000492334
55000,1,16,0.0988816000171937
55000,2,15,0.10825589997693896
55000,3,15,0.10247179999714717
55000,4,15,0.10530679998919368
55000,5,16,0.09825450001517311
55000,6,16,0.09739150002133101
55000,7,15,0.09736899996642023
55000,8,15,0.09717999998247251
55000,9,15,0.1084073000238277
55000,10,16,0.10855199996149167
56000,1,12,0.09787230001529679
56000,2,14,0.10214680002536625
56000,3,14,0.09880810003960505
56000,4,15,0.09646049997536466
56000,5,13,0.09736790001625195
56000,6,13,0.10024619998876005
56000,7,13,0.10042959998827428
56000,8,13,0.09761729999445379
56000,9,14,0.09750709997024387
56000,10,16,0.09866880002664402
57000,1,16,0.1014312999905087
57000,2,11,0.10843790002400056
57000,3,13,0.10192250000545755
57000,4,13,0.10848309996072203
57000,5,14,0.1013952000066638
57000,6,16,0.09919119998812675
57000,7,13,0.09763109998311847
57000,8,16,0.09916589997010306
57000,9,10,0.10046830005012453
57000,10,16,0.10195340000791475
58000,1,15,0.1039695999934338
58000,2,15,0.10454390000086278
58000,3,16,0.10603919997811317
58000,4,16,0.11232180002843961
58000,5,9,0.10926080000353977
58000,6,16,0.099048700009007
58000,7,15,0.09961630002362654
58000,8,13,0.10058889997890219
58000,9,12,0.10010350000811741
58000,10,15,0.0989689000416547
59000,1,16,0.10422969999490306
59000,2,15,0.11445280001498759
59000,3,11,0.11281050002435222
59000,4,13,0.1028535999939777
59000,5,14,0.10125270002754405
59000,6,14,0.10145929997088388
59000,7,13,0.10403190000215545
59000,8,14,0.10222749999957159
59000,9,14,0.10857390001183376
59000,10,16,0.10241300001507625
60000,1,16,0.10592189995804802
60000,2,16,0.10313980001956224
60000,3,15,0.10460850002709776
60000,4,14,0.10443059995304793
60000,5,16,0.10583140002563596
60000,6,16,0.10543220001272857
60000,7,14,0.11173399997642264
60000,8,14,0.10837030003312975
60000,9,13,0.11108599998988211
60000,10,14,0.11093669995898381
61000,1,16,0.10691319999750704
61000,2,16,0.10481290001189336
61000,3,13,0.11013450002064928
61000,4,15,0.10810120002133772
61000,5,13,0.10738139995373785
61000,6,13,0.10647769999923185
61000,7,13,0.1034864999819547
61000,8,15,0.10321779997320846
61000,9,15,0.10393289994681254
61000,10,15,0.10560760000953451
62000,1,15,0.11119830003008246
62000,2,16,0.10566530004143715
62000,3,16,0.11061259999405593
62000,4,13,0.10654850001446903
62000,5,12,0.10599810001440346
62000,6,16,0.10579739999957383
62000,7,16,0.1064518999774009
62000,8,14,0.10767619998659939
62000,9,13,0.10609880002448335
62000,10,13,0.10653570003341883
63000,1,14,0.115847599983681
63000,2,14,0.11474460002500564
63000,3,15,0.10740589996566996
63000,4,15,0.10929130000295117
63000,5,16,0.10633669997332618
63000,6,14,0.10555829998338595
63000,7,14,0.11771740001859143
63000,8,14,0.11529439996229485
63000,9,15,0.10699810000369325
63000,10,16,0.10800029995152727
64000,1,16,0.10854040004778653
64000,2,15,0.11005450005177408
64000,3,15,0.10947089997353032
64000,4,16,0.10950789996422827
64000,5,16,0.10813700000289828
64000,6,15,0.10811939998529851
64000,7,16,0.11898909998126328
64000,8,16,0.11477139999624342
64000,9,12,0.10814979998394847
64000,10,13,0.1175984000437893
65000,1,12,0.10846580000361428
65000,2,16,0.12062980001792312
65000,3,3,0.12954749999335036
65000,4,14,0.12973330001113936
65000,5,16,0.11519799998495728
65000,6,14,0.11091650003800169
65000,7,13,0.10820319998310879
65000,8,16,0.10751629999140278
65000,9,14,0.11242269998183474
65000,10,14,0.11071109998738393
66000,1,14,0.19857509998837486
66000,2,14,0.1593653000309132
66000,3,16,0.2014540999662131
66000,4,16,0.194755400007125
66000,5,16,0.20443330000853166
66000,6,13,0.20462390000466257
66000,7,13,0.23743300000205636
66000,8,15,0.21317529998486862
66000,9,13,0.22060880000935867
66000,10,13,0.2095606999937445
67000,1,12,0.20937060000142083
67000,2,16,0.20938870002282783
67000,3,15,0.24081849999492988
67000,4,15,0.16735000000335276
67000,5,15,0.1474265999859199
67000,6,16,0.15763780003180727
67000,7,15,0.1492331000044942
67000,8,15,0.15269149997038767
67000,9,15,0.16393569996580482
67000,10,16,0.14370710001094267
68000,1,16,0.14487319998443127
68000,2,17,0.1468804000178352
68000,3,17,0.14498629997251555
68000,4,16,0.14371049997862428
68000,5,13,0.16460519999964163
68000,6,15,0.18223510001553223
68000,7,16,0.18357779999496415
68000,8,15,0.22120009997161105
68000,9,13,0.18592610000632703
68000,10,16,0.18650179996620864
69000,1,16,0.18194790004054084
69000,2,12,0.15823070000624284
69000,3,16,0.15291720000095665
69000,4,16,0.14669750002212822
69000,5,14,0.1472199999843724
69000,6,15,0.1444554000045173
69000,7,14,0.14846539997961372
69000,8,14,0.18171360000269488
69000,9,16,0.2080462000449188
69000,10,9,0.19122750003589317
70000,1,16,0.19996910000918433
70000,2,15,0.20794029999524355
70000,3,15,0.19687929999781772
70000,4,12,0.203560900001321
70000,5,12,0.191261800006032
70000,6,17,0.189432300045155
70000,7,17,0.2073583999881521
70000,8,16,0.2018161999876611
70000,9,14,0.19486759998835623
70000,10,14,0.19863449997501448
71000,1,12,0.19216659996891394
71000,2,15,0.20206929999403656
71000,3,14,0.20560500002466142
71000,4,13,0.19539700000314042
71000,5,16,0.19934910000301898
71000,6,11,0.19107599998824298
71000,7,16,0.19962019997183233
71000,8,15,0.21519409999018535
71000,9,14,0.2059929000097327
71000,10,16,0.20683429995551705
72000,1,14,0.2264650000142865
72000,2,15,0.21117090003099293
72000,3,15,0.19981499999994412
72000,4,16,0.14934699999867007
72000,5,16,0.15991260000737384
72000,6,16,0.16365000000223517
72000,7,16,0.1544109999667853
72000,8,13,0.15045900002587587
72000,9,16,0.16897489997791126
72000,10,16,0.18329800001811236
73000,1,12,0.1639805000158958
73000,2,16,0.15329990000464022
73000,3,15,0.1576346000074409
73000,4,15,0.1672149999649264
73000,5,15,0.17581290000816807
73000,6,17,0.15862380003090948
73000,7,14,0.15264270000625402
73000,8,15,0.15409369999542832
73000,9,15,0.15837640000972897
73000,10,16,0.15562090004095808
74000,1,15,0.15279640001244843
74000,2,13,0.15736989997094497
74000,3,15,0.1925317999557592
74000,4,16,0.19731529999990016
74000,5,14,0.2049661999917589
74000,6,10,0.19975899998098612
74000,7,16,0.20391529996413738
74000,8,15,0.21498250000877306
74000,9,14,0.20040440000593662
74000,10,12,0.1993763000355102
75000,1,12,0.20229919999837875
75000,2,17,0.1993069999734871
75000,3,16,0.21098380000330508
75000,4,15,0.20830369996838272
75000,5,13,0.20363150001503527
75000,6,14,0.21685480000451207
75000,7,12,0.20520149997901171
75000,8,16,0.22107259999029338
75000,9,15,0.20588259998476133
75000,10,13,0.20043149997945875
76000,1,14,0.21326970000518486
76000,2,17,0.2145070999977179
76000,3,16,0.22771529998863116
76000,4,14,0.2176882000057958
76000,5,17,0.21625569998286664
76000,6,15,0.2146227000048384
76000,7,15,0.20616739999968559
76000,8,17,0.20632470003329217
76000,9,15,0.21319159999256954
76000,10,15,0.26035640004556626
77000,1,11,0.24457590002566576
77000,2,16,0.17867860000114888
77000,3,14,0.1607928999583237
77000,4,16,0.16493530001025647
77000,5,15,0.16713140002684668
77000,6,14,0.16399870003806427
77000,7,15,0.16699969995534047
77000,8,15,0.16725810000207275
77000,9,16,0.1721609000233002
77000,10,7,0.16845620004460216
78000,1,16,0.16135629999917
78000,2,15,0.18662039999617264
78000,3,15,0.21217269997578114
78000,4,15,0.17587310000089929
78000,5,15,0.18408330000238493
78000,6,13,0.21094379998976365
78000,7,17,0.17541450000135228
78000,8,14,0.1642991999979131
78000,9,15,0.17078039998887107
78000,10,16,0.15768590004881844
79000,1,15,0.1766182000283152
79000,2,15,0.16924640000797808
79000,3,16,0.19900829996913671
79000,4,15,0.17499919998226687
79000,5,15,0.18397539999568835
79000,6,15,0.16975719999754801
79000,7,16,0.17595879995496944
79000,8,14,0.18011449999175966
79000,9,14,0.1680719999712892
79000,10,16,0.17215400002896786
80000,1,8,0.1696421999949962
80000,2,14,0.19615309999790043
80000,3,15,0.1728249000152573
80000,4,15,0.18117170000914484
80000,5,14,0.1752509999787435
80000,6,15,0.16753880004398525
80000,7,16,0.17996300000231713
80000,8,13,0.1674013999872841
80000,9,14,0.17208290001144633
80000,10,15,0.17555860005086288
81000,1,15,0.19180430000415072
81000,2,15,0.17811300000175834
81000,3,14,0.16685089998645708
81000,4,13,0.16816669999388978
81000,5,16,0.16727429995080456
81000,6,17,0.1716471000108868
81000,7,10,0.17955000000074506
81000,8,16,0.17789839999750257
81000,9,14,0.1658636000356637
81000,10,17,0.1708002999657765
82000,1,16,0.1746805000002496
82000,2,16,0.17706959997303784
82000,3,15,0.1840638000285253
82000,4,15,0.23774120002053678
82000,5,16,0.19048900000052527
82000,6,16,0.18866200000047684
82000,7,15,0.17244880000362173
82000,8,16,0.1776205000351183
82000,9,15,0.1762260000105016
82000,10,15,0.2859459000173956
83000,1,16,0.17806530004600063
83000,2,16,0.1803201999864541
83000,3,11,0.17316760000539944
83000,4,13,0.18053189996862784
83000,5,15,0.21462220000103116
83000,6,15,0.22527669998817146
83000,7,16,0.24595040001440793
83000,8,15,0.2431976000079885
83000,9,11,0.24138409999432042
83000,10,15,0.22367520001716912
84000,1,12,0.22538800002075732
84000,2,14,0.24649390002014115
84000,3,12,0.24075170001015067
84000,4,13,0.18221659999107942
84000,5,17,0.1752738999784924
84000,6,15,0.17398050002520904
84000,7,14,0.17386589996749535
84000,8,17,0.1832911999663338
84000,9,17,0.17592399998102337
84000,10,17,0.17536069999914616
85000,1,17,0.17617270001210272
85000,2,15,0.17285889998311177
85000,3,17,0.19706869998481125
85000,4,13,0.1708433000021614
85000,5,15,0.19055620004655793
85000,6,14,0.18606989999534562
85000,7,17,0.17556850000983104
85000,8,16,0.17532639997079968
85000,9,15,0.19070210005156696
85000,10,17,0.17767050000838935
86000,1,15,0.1810156999854371
86000,2,17,0.18050369998672977
86000,3,16,0.1841349999886006
86000,4,11,0.1892879999941215
86000,5,16,0.18680970004061237
86000,6,15,0.18973149999510497
86000,7,16,0.19136719999369234
86000,8,13,0.1784353000111878
86000,9,16,0.18154730001697317
86000,10,15,0.1812332000117749
87000,1,14,0.18955849995836616
87000,2,16,0.18111449998104945
87000,3,12,0.18836900003952906
87000,4,17,0.1797243999899365
87000,5,14,0.1831147000193596
87000,6,16,0.1798974000266753
87000,7,16,0.18683280004188418
87000,8,16,0.20687069999985397
87000,9,16,0.19050720002269372
87000,10,14,0.2036081000114791
88000,1,10,0.20651619997806847
88000,2,16,0.19661769998492673
88000,3,16,0.18786739994538948
88000,4,14,0.20033570000668988
88000,5,13,0.1997199000325054
88000,6,15,0.2154230999876745
88000,7,17,0.20976729999529198
88000,8,14,0.2524890000349842
88000,9,14,0.3032422999967821
88000,10,14,0.30760639999061823
89000,1,15,0.32310530001996085
89000,2,16,0.3326167000341229
89000,3,16,0.28310389997204766
89000,4,16,0.27833870000904426
89000,5,16,0.2638071999535896
89000,6,16,0.2560620000003837
89000,7,10,0.25499330001184717
89000,8,16,0.26922860002378
89000,9,15,0.281417699996382
89000,10,16,0.26645880000432953
90000,1,15,0.26331389998085797
90000,2,14,0.2699278999934904
90000,3,14,0.25964460003888234
90000,4,16,0.2647979000466876
90000,5,16,0.2684311000048183
90000,6,16,0.255972099956125
90000,7,16,0.27086659998167306
90000,8,17,0.2587578000384383
90000,9,16,0.26472729997476563
90000,10,15,0.2692214999697171
91000,1,14,0.2799327000393532
91000,2,16,0.26336639997316524
91000,3,16,0.2739720999961719
91000,4,13,0.29173170001013204
91000,5,10,0.27450229995884
91000,6,15,0.28095819998998195
91000,7,11,0.2673060999950394
91000,8,14,0.27155299996957183
91000,9,17,0.27062510000541806
91000,10,17,0.29013219999615103
92000,1,11,0.2888033000053838
92000,2,16,0.2602710000355728
92000,3,17,0.24655290000373498
92000,4,15,0.2569884000113234
92000,5,16,0.25715979997767136
92000,6,16,0.24900889996206388
92000,7,16,0.24370570003520697
92000,8,17,0.24455360003048554
92000,9,17,0.244365899998229
92000,10,16,0.2546020000008866
93000,1,17,0.26599750004243106
93000,2,16,0.2698759000049904
93000,3,14,0.26000239996938035
93000,4,14,0.2787075000233017
93000,5,16,0.25953119999030605
93000,6,14,0.24974090000614524
93000,7,17,0.23677160002989694
93000,8,17,0.2509903000318445
93000,9,14,0.1886233999975957
93000,10,16,0.1870950000011362
94000,1,16,0.19540939998114482
94000,2,16,0.19547709997277707
94000,3,17,0.19463909999467432
94000,4,13,0.18511270004091784
94000,5,14,0.20559230004437268
94000,6,15,0.19535709999036044
94000,7,16,0.1894540999783203
94000,8,15,0.1864956999779679
94000,9,15,0.1952764000161551
94000,10,17,0.20485939999343827
95000,1,16,0.19585389998974279
95000,2,16,0.19250050000846386
95000,3,17,0.19871039997087792
95000,4,13,0.20964909996837378
95000,5,16,0.20389379997504875
95000,6,14,0.20365189999574795
95000,7,14,0.2244359000469558
95000,8,16,0.23322659998666495
95000,9,15,0.22679829999106005
95000,10,13,0.21758880000561476
96000,1,14,0.20779869996476918
96000,2,14,0.19026649999432266
96000,3,15,0.1997542000026442
96000,4,14,0.19087759999092668
96000,5,16,0.20925069996155798
96000,6,16,0.21895609999774024
96000,7,16,0.2152743999613449
96000,8,16,0.20353960001375526
96000,9,16,0.19949769997037947
96000,10,12,0.20533059997251257
97000,1,16,0.19900160003453493
97000,2,16,0.18682390003232285
97000,3,16,0.20067569997627288
97000,4,16,0.197949499997776
97000,5,14,0.18836680002277717
97000,6,15,0.20096540002850816
97000,7,16,0.1942574999993667
97000,8,17,0.22806660004425794
97000,9,14,0.19795599998906255
97000,10,17,0.19760539999697357
98000,1,16,0.20694270002422854
98000,2,15,0.19774580001831055
98000,3,16,0.23582079994957894
98000,4,15,0.201872400008142
98000,5,16,0.2056960000190884
98000,6,16,0.19999440002720803
98000,7,16,0.20526140002766624
98000,8,16,0.20644619996892288
98000,9,17,0.21532329998444766
98000,10,15,0.19933139998465776
99000,1,15,0.1995430999668315
99000,2,15,0.2165724000078626
99000,3,14,0.2153359000221826
99000,4,17,0.20413969998480752
99000,5,17,0.21148019999964163
99000,6,14,0.20496329996967688
99000,7,15,0.2022883000317961
99000,8,15,0.21089330001268536
99000,9,15,0.21069340000394732
99000,10,17,0.20660460001090541
100000,1,14,0.19941000000108033
100000,2,17,0.20595129998400807
100000,3,16,0.1964839999563992
100000,4,16,0.19519040000159293
100000,5,16,0.20114229997852817
100000,6,17,0.19963149999966845
100000,7,17,0.19622749998234212
100000,8,16,0.19230080000124872
100000,9,17,0.19573120004497468
100000,10,12,0.2049369000014849
