n,m,comparisons,swaps,execution_time
100,1,1963,1244,0.018768099951557815
100,2,1963,1244,0.01672010007314384
100,3,1963,1244,0.014495199895463884
100,4,1963,1244,0.017136200098320842
100,5,1963,1244,0.015469999983906746
100,6,1963,1244,0.01422459993045777
100,7,1963,1244,0.016907500103116035
100,8,1963,1244,0.016104300040751696
100,9,1963,1244,0.018901299918070436
100,10,1963,1244,0.019693800015375018
200,1,4673,2815,0.018895599991083145
200,2,4673,2815,0.023553299950435758
200,3,4673,2815,0.022900399984791875
200,4,4673,2815,0.015357299940660596
200,5,4673,2815,0.018075300031341612
200,6,4673,2815,0.019184299977496266
200,7,4673,2815,0.01928729994688183
200,8,4673,2815,0.01921370008494705
200,9,4673,2815,0.01745629997458309
200,10,4673,2815,0.017684200080111623
300,1,8018,4704,0.015977000002749264
300,2,8018,4704,0.01979709998704493
300,3,8018,4704,0.016397400060668588
300,4,8018,4704,0.01616310002282262
300,5,8018,4704,0.016016899957321584
300,6,8018,4704,0.015694899950176477
300,7,8018,4704,0.01755250000860542
300,8,8018,4704,0.014835700043477118
300,9,8018,4704,0.016331100021488965
300,10,8018,4704,0.017337099998258054
400,1,11465,6380,0.01565009995829314
400,2,11465,6380,0.014471299946308136
400,3,11465,6380,0.018076200038194656
400,4,11465,6380,0.016572499996982515
400,5,11465,6380,0.017204499919898808
400,6,11465,6380,0.01479669997934252
400,7,11465,6380,0.015252599958330393
400,8,11465,6380,0.016654100036248565
400,9,11465,6380,0.015078200027346611
400,10,11465,6380,0.017965700011700392
500,1,14361,8021,0.016298000002279878
500,2,14361,8021,0.016910300008021295
500,3,14361,8021,0.019233700004406273
500,4,14361,8021,0.017323900014162064
500,5,14361,8021,0.023451699991710484
500,6,14361,8021,0.01633739995304495
500,7,14361,8021,0.016337999957613647
500,8,14361,8021,0.016157399979420006
500,9,14361,8021,0.01669070008210838
500,10,14361,8021,0.015876299934461713
600,1,18428,10417,0.01632399996742606
600,2,18428,10417,0.01780299993697554
600,3,18428,10417,0.01710080006159842
600,4,18428,10417,0.0169525999808684
600,5,18428,10417,0.018361000111326575
600,6,18428,10417,0.01814240007661283
600,7,18428,10417,0.019116300041787326
600,8,18428,10417,0.01637910003773868
600,9,18428,10417,0.017974200076423585
600,10,18428,10417,0.01601929997559637
700,1,21747,12414,0.016134100034832954
700,2,21747,12414,0.017719199997372925
700,3,21747,12414,0.018446799949742854
700,4,21747,12414,0.02060040005017072
700,5,21747,12414,0.018561200005933642
700,6,21747,12414,0.016809800057671964
700,7,21747,12414,0.019845200004056096
700,8,21747,12414,0.01688729994930327
700,9,21747,12414,0.016894200001843274
700,10,21747,12414,0.019320799969136715
800,1,26616,15554,0.017709000036120415
800,2,26616,15554,0.018169799936003983
800,3,26616,15554,0.01842059998307377
800,4,26616,15554,0.022100700065493584
800,5,26616,15554,0.020528599969111383
800,6,26616,15554,0.01707559998612851
800,7,26616,15554,0.016576600028201938
800,8,26616,15554,0.016717099933885038
800,9,26616,15554,0.01635709998663515
800,10,26616,15554,0.017059599980711937
900,1,30728,17111,0.016386200091801584
900,2,30728,17111,0.018551799934357405
900,3,30728,17111,0.01813009998295456
900,4,30728,17111,0.01808010006789118
900,5,30728,17111,0.020101599977351725
900,6,30728,17111,0.01627839996945113
900,7,30728,17111,0.016791500034742057
900,8,30728,17111,0.01690819999203086
900,9,30728,17111,0.01863279996905476
900,10,30728,17111,0.016760800033807755
1000,1,34600,19311,0.016958200023509562
1000,2,34600,19311,0.016932800062932074
1000,3,34600,19311,0.016316600027494133
1000,4,34600,19311,0.018167000031098723
1000,5,34600,19311,0.016473300056532025
1000,6,34600,19311,0.017508500022813678
1000,7,34600,19311,0.01758540002629161
1000,8,34600,19311,0.019484699936583638
1000,9,34600,19311,0.01766960008535534
1000,10,34600,19311,0.018236299976706505
1100,1,38810,20854,0.017028799979016185
1100,2,38810,20854,0.017273499979637563
1100,3,38810,20854,0.017899499973282218
1100,4,38810,20854,0.01733309996780008
1100,5,38810,20854,0.01747669989708811
1100,6,38810,20854,0.017753299907781184
1100,7,38810,20854,0.016876299981959164
1100,8,38810,20854,0.018854400026611984
1100,9,38810,20854,0.01874209998641163
1100,10,38810,20854,0.01752709993161261
1200,1,43490,23209,0.01778250001370907
1200,2,43490,23209,0.018035099958069623
1200,3,43490,23209,0.0190581000642851
1200,4,43490,23209,0.016519300057552755
1200,5,43490,23209,0.018597899936139584
1200,6,43490,23209,0.01886929990723729
1200,7,43490,23209,0.01900470000691712
1200,8,43490,23209,0.018812099937349558
1200,9,43490,23209,0.01735870004631579
1200,10,43490,23209,0.020579200005158782
1300,1,47619,25053,0.017882499960251153
1300,2,47619,25053,0.020300000091083348
1300,3,47619,25053,0.021250199992209673
1300,4,47619,25053,0.017908999929204583
1300,5,47619,25053,0.02029800007585436
1300,6,47619,25053,0.017398199997842312
1300,7,47619,25053,0.017809299984946847
1300,8,47619,25053,0.02077029994688928
1300,9,47619,25053,0.02530280000064522
1300,10,47619,25053,0.025214300025254488
1400,1,50666,27260,0.02223880006931722
1400,2,50666,27260,0.022466599941253662
1400,3,50666,27260,0.024687199969775975
1400,4,50666,27260,0.023007000098004937
1400,5,50666,27260,0.024727000040002167
1400,6,50666,27260,0.02368820004630834
1400,7,50666,27260,0.024107499979436398
1400,8,50666,27260,0.023909299983642995
1400,9,50666,27260,0.02360469999257475
1400,10,50666,27260,0.025173099944368005
1500,1,54715,29292,0.02347879996523261
1500,2,54715,29292,0.022765800007618964
1500,3,54715,29292,0.02870289993006736
1500,4,54715,29292,0.025241800001822412
1500,5,54715,29292,0.02469979994930327
1500,6,54715,29292,0.030750500038266182
1500,7,54715,29292,0.024090600083582103
1500,8,54715,29292,0.024436900042928755
1500,9,54715,29292,0.02476049994584173
1500,10,54715,29292,0.023331200005486608
1600,1,58341,31600,0.024212999967858195
1600,2,58341,31600,0.024530500057153404
1600,3,58341,31600,0.02515330002643168
1600,4,58341,31600,0.02422709995880723
1600,5,58341,31600,0.023716199910268188
1600,6,58341,31600,0.02459629997611046
1600,7,58341,31600,0.02426590002141893
1600,8,58341,31600,0.02420949994120747
1600,9,58341,31600,0.025963400024920702
1600,10,58341,31600,0.02699820010457188
1700,1,64088,34367,0.023738899966701865
1700,2,64088,34367,0.024439399945549667
1700,3,64088,34367,0.02622010000050068
1700,4,64088,34367,0.02739349997136742
1700,5,64088,34367,0.02821379993110895
1700,6,64088,34367,0.027129100053571165
1700,7,64088,34367,0.02744370000436902
1700,8,64088,34367,0.023616700083948672
1700,9,64088,34367,0.024539500009268522
1700,10,64088,34367,0.024281400023028255
1800,1,68999,37383,0.02687639999203384
1800,2,68999,37383,0.025319600012153387
1800,3,68999,37383,0.025500599993392825
1800,4,68999,37383,0.026589600020088255
1800,5,68999,37383,0.02743449993431568
1800,6,68999,37383,0.02679189993068576
1800,7,68999,37383,0.02643309999257326
1800,8,68999,37383,0.026448599994182587
1800,9,68999,37383,0.025517400004900992
1800,10,68999,37383,0.028099599992856383
1900,1,71796,38537,0.025562700000591576
1900,2,71796,38537,0.024888800107873976
1900,3,71796,38537,0.02564960008021444
1900,4,71796,38537,0.024618000024929643
1900,5,71796,38537,0.02520049992017448
1900,6,71796,38537,0.026290599955245852
1900,7,71796,38537,0.025104900007136166
1900,8,71796,38537,0.028408800018951297
1900,9,71796,38537,0.027477300027385354
1900,10,71796,38537,0.028712400002405047
2000,1,78918,42778,0.028329099994152784
2000,2,78918,42778,0.026199799962341785
2000,3,78918,42778,0.027856200002133846
2000,4,78918,42778,0.02798589994199574
2000,5,78918,42778,0.028678599977865815
2000,6,78918,42778,0.0265281000174582
2000,7,78918,42778,0.028502400033175945
2000,8,78918,42778,0.029182599973864853
2000,9,78918,42778,0.027574399951845407
2000,10,78918,42778,0.029469299945048988
2100,1,81421,44455,0.029996299999766052
2100,2,81421,44455,0.028808599920012057
2100,3,81421,44455,0.02648799994494766
2100,4,81421,44455,0.02585259999614209
2100,5,81421,44455,0.025725999963469803
2100,6,81421,44455,0.02591889991890639
2100,7,81421,44455,0.025183099904097617
2100,8,81421,44455,0.025418999954126775
2100,9,81421,44455,0.025689000030979514
2100,10,81421,44455,0.025806099991314113
2200,1,85679,47142,0.02573999995365739
2200,2,85679,47142,0.02687350008636713
2200,3,85679,47142,0.028114099986851215
2200,4,85679,47142,0.03186809993349016
2200,5,85679,47142,0.028035599971190095
2200,6,85679,47142,0.026817600009962916
2200,7,85679,47142,0.027034000027924776
2200,8,85679,47142,0.026209799922071397
2200,9,85679,47142,0.02713689999654889
2200,10,85679,47142,0.029123499989509583
2300,1,91761,50295,0.02744110010098666
2300,2,91761,50295,0.02862450003158301
2300,3,91761,50295,0.02857099997345358
2300,4,91761,50295,0.029830300016328692
2300,5,91761,50295,0.028590100002475083
2300,6,91761,50295,0.0282217999920249
2300,7,91761,50295,0.02682599995750934
2300,8,91761,50295,0.027496599941514432
2300,9,91761,50295,0.027834099950268865
2300,10,91761,50295,0.02807180001400411
2400,1,98219,54815,0.028454699902795255
2400,2,98219,54815,0.029477300005964935
2400,3,98219,54815,0.027204900048673153
2400,4,98219,54815,0.028773099998943508
2400,5,98219,54815,0.028371599968522787
2400,6,98219,54815,0.027817699941806495
2400,7,98219,54815,0.02976239996496588
2400,8,98219,54815,0.028591400012373924
2400,9,98219,54815,0.027054599951952696
2400,10,98219,54815,0.02852530009113252
2500,1,101186,55622,0.027311700046993792
2500,2,101186,55622,0.028716100030578673
2500,3,101186,55622,0.028025800012983382
2500,4,101186,55622,0.030862799962051213
2500,5,101186,55622,0.02857289998792112
2500,6,101186,55622,0.02815810008905828
2500,7,101186,55622,0.029319699970073998
2500,8,101186,55622,0.030720200040377676
2500,9,101186,55622,0.027816700050607324
2500,10,101186,55622,0.028221099986694753
2600,1,107127,57957,0.028684500022791326
2600,2,107127,57957,0.029260899988003075
2600,3,107127,57957,0.03008980001322925
2600,4,107127,57957,0.02916110004298389
2600,5,107127,57957,0.029886000091210008
2600,6,107127,57957,0.030299399979412556
2600,7,107127,57957,0.030370099935680628
2600,8,107127,57957,0.03170469996985048
2600,9,107127,57957,0.03218390000984073
2600,10,107127,57957,0.029198899981565773
2700,1,113012,60540,0.02893719996791333
2700,2,113012,60540,0.029856099979951978
2700,3,113012,60540,0.03016850003041327
2700,4,113012,60540,0.02970039995852858
2700,5,113012,60540,0.031696499907411635
2700,6,113012,60540,0.030696599977090955
2700,7,113012,60540,0.03087990009225905
2700,8,113012,60540,0.02843619999475777
2700,9,113012,60540,0.03045429999474436
2700,10,113012,60540,0.02960699994582683
2800,1,116379,61881,0.029432899900712073
2800,2,116379,61881,0.03280980000272393
2800,3,116379,61881,0.030719400034286082
2800,4,116379,61881,0.030242800014093518
2800,5,116379,61881,0.03087509993929416
2800,6,116379,61881,0.035031799925491214
2800,7,116379,61881,0.030194299994036555
2800,8,116379,61881,0.02861889998894185
2800,9,116379,61881,0.032714699977077544
2800,10,116379,61881,0.03169869992416352
2900,1,121815,64322,0.03055509994737804
2900,2,121815,64322,0.03167069994378835
2900,3,121815,64322,0.029808899969793856
2900,4,121815,64322,0.029979799990542233
2900,5,121815,64322,0.030323200044222176
2900,6,121815,64322,0.03144570009317249
2900,7,121815,64322,0.030456900014542043
2900,8,121815,64322,0.031721899984404445
2900,9,121815,64322,0.03387549996841699
2900,10,121815,64322,0.03223650006111711
3000,1,127146,68324,0.030719100032001734
3000,2,127146,68324,0.029834399931132793
3000,3,127146,68324,0.03159559995401651
3000,4,127146,68324,0.0336134999524802
3000,5,127146,68324,0.03325119998771697
3000,6,127146,68324,0.030172200058586895
3000,7,127146,68324,0.02999519999139011
3000,8,127146,68324,0.030499699991196394
3000,9,127146,68324,0.03168689995072782
3000,10,127146,68324,0.032634800067171454
3100,1,131149,69587,0.032308599911630154
3100,2,131149,69587,0.0334100000327453
3100,3,131149,69587,0.024401700007729232
3100,4,131149,69587,0.023648699978366494
3100,5,131149,69587,0.024401100003160536
3100,6,131149,69587,0.02423590002581477
3100,7,131149,69587,0.027295400039292872
3100,8,131149,69587,0.026393899926915765
3100,9,131149,69587,0.02595749997999519
3100,10,131149,69587,0.026839900063350797
3200,1,137120,72311,0.0240522000240162
3200,2,137120,72311,0.024672399973496795
3200,3,137120,72311,0.024304799968376756
3200,4,137120,72311,0.026100099901668727
3200,5,137120,72311,0.025519899907521904
3200,6,137120,72311,0.02540060004685074
3200,7,137120,72311,0.024974999949336052
3200,8,137120,72311,0.024260500096715987
3200,9,137120,72311,0.0240290000801906
3200,10,137120,72311,0.02350709994789213
3300,1,141822,73824,0.023894499987363815
3300,2,141822,73824,0.025244000018574297
3300,3,141822,73824,0.02324759995099157
3300,4,141822,73824,0.02389219996985048
3300,5,141822,73824,0.024080100003629923
3300,6,141822,73824,0.024168599979020655
3300,7,141822,73824,0.026048299972899258
3300,8,141822,73824,0.025842600036412477
3300,9,141822,73824,0.024329899926669896
3300,10,141822,73824,0.02443460002541542
3400,1,144493,74651,0.024474299978464842
3400,2,144493,74651,0.02479920000769198
3400,3,144493,74651,0.02506150002591312
3400,4,144493,74651,0.024066000012680888
3400,5,144493,74651,0.025793600012548268
3400,6,144493,74651,0.026140499976463616
3400,7,144493,74651,0.023843000060878694
3400,8,144493,74651,0.026080299983732402
3400,9,144493,74651,0.024763799970969558
3400,10,144493,74651,0.023523900075815618
3500,1,151083,78306,0.0243989999871701
3500,2,151083,78306,0.025182500015944242
3500,3,151083,78306,0.026200300082564354
3500,4,151083,78306,0.02377239998895675
3500,5,151083,78306,0.02517539996188134
3500,6,151083,78306,0.026278099976480007
3500,7,151083,78306,0.02624639996793121
3500,8,151083,78306,0.032129700062796474
3500,9,151083,78306,0.027671299991197884
3500,10,151083,78306,0.02399879996664822
3600,1,158511,82139,0.025756100076250732
3600,2,158511,82139,0.024519399972632527
3600,3,158511,82139,0.025034099933691323
3600,4,158511,82139,0.024965499993413687
3600,5,158511,82139,0.025647099944762886
3600,6,158511,82139,0.025755199952982366
3600,7,158511,82139,0.026715700048953295
3600,8,158511,82139,0.026618100004270673
3600,9,158511,82139,0.026441400055773556
3600,10,158511,82139,0.025606099981814623
3700,1,159685,81902,0.02466150000691414
3700,2,159685,81902,0.025202699936926365
3700,3,159685,81902,0.025699199992232025
3700,4,159685,81902,0.024254699936136603
3700,5,159685,81902,0.02507930004503578
3700,6,159685,81902,0.026780699961818755
3700,7,159685,81902,0.02514879999216646
3700,8,159685,81902,0.02537280006799847
3700,9,159685,81902,0.0247490000911057
3700,10,159685,81902,0.024674299987964332
3800,1,167249,85341,0.025240199989639223
3800,2,167249,85341,0.025173000060021877
3800,3,167249,85341,0.027967800037004054
3800,4,167249,85341,0.025925399968400598
3800,5,167249,85341,0.028335100039839745
3800,6,167249,85341,0.030400500050745904
3800,7,167249,85341,0.034614100004546344
3800,8,167249,85341,0.03486330003943294
3800,9,167249,85341,0.03324879996944219
3800,10,167249,85341,0.03359360003378242
3900,1,173008,88559,0.03370620007626712
3900,2,173008,88559,0.03355699998792261
3900,3,173008,88559,0.03728759998921305
3900,4,173008,88559,0.03583369997795671
3900,5,173008,88559,0.036511900019831955
3900,6,173008,88559,0.033989000017754734
3900,7,173008,88559,0.03481069998815656
3900,8,173008,88559,0.03444719989784062
3900,9,173008,88559,0.03432630002498627
3900,10,173008,88559,0.03483039990533143
4000,1,176373,91169,0.034906100016087294
4000,2,176373,91169,0.035347299999557436
4000,3,176373,91169,0.03477939998265356
4000,4,176373,91169,0.03559280000627041
4000,5,176373,91169,0.03556650003883988
4000,6,176373,91169,0.03611099999397993
4000,7,176373,91169,0.03478470002301037
4000,8,176373,91169,0.03488200006540865
4000,9,176373,91169,0.03452440002001822
4000,10,176373,91169,0.03514369996264577
4100,1,178098,92420,0.03499549999833107
4100,2,178098,92420,0.03472019999753684
4100,3,178098,92420,0.036600799998268485
4100,4,178098,92420,0.03492950007785112
4100,5,178098,92420,0.035750100039877
4100,6,178098,92420,0.03526540007442236
4100,7,178098,92420,0.03425879997666925
4100,8,178098,92420,0.034750399994663894
4100,9,178098,92420,0.03806760010775179
4100,10,178098,92420,0.03661169996485114
4200,1,184897,96391,0.03546679997816682
4200,2,184897,96391,0.03721019998192787
4200,3,184897,96391,0.03784759994596243
4200,4,184897,96391,0.036472000065259635
4200,5,184897,96391,0.03627219994086772
4200,6,184897,96391,0.03703969996422529
4200,7,184897,96391,0.03547060000710189
4200,8,184897,96391,0.03590730007272214
4200,9,184897,96391,0.03731250006239861
4200,10,184897,96391,0.035018500057049096
4300,1,185238,96613,0.03563450009096414
4300,2,185238,96613,0.03565940004773438
4300,3,185238,96613,0.03515300003346056
4300,4,185238,96613,0.037078999914228916
4300,5,185238,96613,0.03646660002414137
4300,6,185238,96613,0.03518360003363341
4300,7,185238,96613,0.03531229996588081
4300,8,185238,96613,0.03535219992045313
4300,9,185238,96613,0.035187199944630265
4300,10,185238,96613,0.03705909999553114
4400,1,192246,99710,0.037199600017629564
4400,2,192246,99710,0.035658400040119886
4400,3,192246,99710,0.03565029997844249
4400,4,192246,99710,0.036523699993267655
4400,5,192246,99710,0.03699719998985529
4400,6,192246,99710,0.03569160006009042
4400,7,192246,99710,0.03660750004928559
4400,8,192246,99710,0.035474700038321316
4400,9,192246,99710,0.03495070000644773
4400,10,192246,99710,0.035402300069108605
4500,1,199532,103605,0.03954389994032681
4500,2,199532,103605,0.038652900024317205
4500,3,199532,103605,0.03631690004840493
4500,4,199532,103605,0.03590479993727058
4500,5,199532,103605,0.036012599943205714
4500,6,199532,103605,0.036731500062160194
4500,7,199532,103605,0.03513279999606311
4500,8,199532,103605,0.03592870000284165
4500,9,199532,103605,0.03532169992104173
4500,10,199532,103605,0.03569060005247593
4600,1,202742,105624,0.036467399913817644
4600,2,202742,105624,0.03772459994070232
4600,3,202742,105624,0.036217099986970425
4600,4,202742,105624,0.03691230004187673
4600,5,202742,105624,0.03581649996340275
4600,6,202742,105624,0.03765970002859831
4600,7,202742,105624,0.03867829998489469
4600,8,202742,105624,0.036839400068856776
4600,9,202742,105624,0.037835000082850456
4600,10,202742,105624,0.03631850006058812
4700,1,210126,109731,0.03973200009204447
4700,2,210126,109731,0.038129599997773767
4700,3,210126,109731,0.03704159997869283
4700,4,210126,109731,0.03798270004335791
4700,5,210126,109731,0.03736479999497533
4700,6,210126,109731,0.03771679999772459
4700,7,210126,109731,0.038928700028918684
4700,8,210126,109731,0.03875030006747693
4700,9,210126,109731,0.039384900010190904
4700,10,210126,109731,0.039187700022011995
4800,1,212449,111429,0.03682260005734861
4800,2,212449,111429,0.03693800000473857
4800,3,212449,111429,0.03721159999258816
4800,4,212449,111429,0.03731829999014735
4800,5,212449,111429,0.037728399969637394
4800,6,212449,111429,0.037901900010183454
4800,7,212449,111429,0.03809209994506091
4800,8,212449,111429,0.03794499998912215
4800,9,212449,111429,0.03741299989633262
4800,10,212449,111429,0.037097200052812696
4900,1,214348,111587,0.03963150002527982
4900,2,214348,111587,0.039596599992364645
4900,3,214348,111587,0.036270099924877286
4900,4,214348,111587,0.03822590003255755
4900,5,214348,111587,0.03897860005963594
4900,6,214348,111587,0.04073040001094341
4900,7,214348,111587,0.03702249994967133
4900,8,214348,111587,0.03608500002883375
4900,9,214348,111587,0.036817100015468895
4900,10,214348,111587,0.03662819997407496
5000,1,221556,114830,0.03713529999367893
5000,2,221556,114830,0.03808470000512898
5000,3,221556,114830,0.037757899961434305
5000,4,221556,114830,0.03762509999796748
5000,5,221556,114830,0.038316400023177266
5000,6,221556,114830,0.04103109997231513
5000,7,221556,114830,0.04089549998752773
5000,8,221556,114830,0.03905749996192753
5000,9,221556,114830,0.03872439998667687
5000,10,221556,114830,0.039645500015467405
5100,1,232212,120775,0.03893529996275902
5100,2,232212,120775,0.03919030004180968
5100,3,232212,120775,0.03792520007118583
5100,4,232212,120775,0.03861980000510812
5100,5,232212,120775,0.03849060006905347
5100,6,232212,120775,0.0407395000802353
5100,7,232212,120775,0.040178900002501905
5100,8,232212,120775,0.039038300048559904
5100,9,232212,120775,0.038664899999275804
5100,10,232212,120775,0.03790140000637621
5200,1,233405,121656,0.04095169994980097
5200,2,233405,121656,0.04026680008973926
5200,3,233405,121656,0.04079999995883554
5200,4,233405,121656,0.038720899960026145
5200,5,233405,121656,0.038988700020127
5200,6,233405,121656,0.039405700052157044
5200,7,233405,121656,0.04222330008633435
5200,8,233405,121656,0.03940340003464371
5200,9,233405,121656,0.0384628000902012
5200,10,233405,121656,0.03861050005070865
5300,1,240857,126085,0.04060339997522533
5300,2,240857,126085,0.044694799929857254
5300,3,240857,126085,0.04104339994955808
5300,4,240857,126085,0.04451029992196709
5300,5,240857,126085,0.04330150003079325
5300,6,240857,126085,0.04232230002526194
5300,7,240857,126085,0.04136679996736348
5300,8,240857,126085,0.03971470007672906
5300,9,240857,126085,0.039652900071814656
5300,10,240857,126085,0.04071590001694858
5400,1,248928,130628,0.04462539998348802
5400,2,248928,130628,0.04192690004128963
5400,3,248928,130628,0.04105280002113432
5400,4,248928,130628,0.04250300000421703
5400,5,248928,130628,0.039943099953234196
5400,6,248928,130628,0.04270809993613511
5400,7,248928,130628,0.04228459997102618
5400,8,248928,130628,0.0401215999154374
5400,9,248928,130628,0.04104159993585199
5400,10,248928,130628,0.040030800038948655
5500,1,251704,131466,0.0401168999960646
5500,2,251704,131466,0.04157570004463196
5500,3,251704,131466,0.043856500065885484
5500,4,251704,131466,0.04141179996076971
5500,5,251704,131466,0.04033380001783371
5500,6,251704,131466,0.042786599951796234
5500,7,251704,131466,0.04489889997057617
5500,8,251704,131466,0.04608510003890842
5500,9,251704,131466,0.04243759997189045
5500,10,251704,131466,0.041353799984790385
5600,1,257113,133590,0.041232299990952015
5600,2,257113,133590,0.0408997000195086
5600,3,257113,133590,0.04156919999513775
5600,4,257113,133590,0.04235869995318353
5600,5,257113,133590,0.0431383999530226
5600,6,257113,133590,0.04119329992681742
5600,7,257113,133590,0.042863499955274165
5600,8,257113,133590,0.040509099955670536
5600,9,257113,133590,0.040562500013038516
5600,10,257113,133590,0.0411920000333339
5700,1,260199,135431,0.043316800030879676
5700,2,260199,135431,0.04360330000054091
5700,3,260199,135431,0.04152790002990514
5700,4,260199,135431,0.040756799979135394
5700,5,260199,135431,0.04159900010563433
5700,6,260199,135431,0.042445700033567846
5700,7,260199,135431,0.04066519998013973
5700,8,260199,135431,0.040118300006724894
5700,9,260199,135431,0.04072230006568134
5700,10,260199,135431,0.04205349995754659
5800,1,266187,138052,0.04605280002579093
5800,2,266187,138052,0.04459519998636097
5800,3,266187,138052,0.042740399949252605
5800,4,266187,138052,0.04184339998755604
5800,5,266187,138052,0.04178129998035729
5800,6,266187,138052,0.041134199942462146
5800,7,266187,138052,0.0433953000465408
5800,8,266187,138052,0.0437409000005573
5800,9,266187,138052,0.04256990004796535
5800,10,266187,138052,0.0428968999767676
5900,1,275773,144128,0.041638500057160854
5900,2,275773,144128,0.04341370007023215
5900,3,275773,144128,0.04170310008339584
5900,4,275773,144128,0.044216200010851026
5900,5,275773,144128,0.04364809999242425
5900,6,275773,144128,0.042757200077176094
5900,7,275773,144128,0.04229060001671314
5900,8,275773,144128,0.04370279994327575
5900,9,275773,144128,0.0423327999887988
5900,10,275773,144128,0.04181409999728203
6000,1,284161,149323,0.04478989995550364
6000,2,284161,149323,0.042774799978360534
6000,3,284161,149323,0.04273129999637604
6000,4,284161,149323,0.044302299967966974
6000,5,284161,149323,0.04389779991470277
6000,6,284161,149323,0.05150619999039918
6000,7,284161,149323,0.0429279999807477
6000,8,284161,149323,0.043462099973112345
6000,9,284161,149323,0.04238450003322214
6000,10,284161,149323,0.04590210004244
6100,1,282586,148729,0.046520299976691604
6100,2,282586,148729,0.043645899975672364
6100,3,282586,148729,0.04227129998616874
6100,4,282586,148729,0.043278600089251995
6100,5,282586,148729,0.04285500000696629
6100,6,282586,148729,0.043100599898025393
6100,7,282586,148729,0.04347060003783554
6100,8,282586,148729,0.04587939998600632
6100,9,282586,148729,0.043873999966308475
6100,10,282586,148729,0.04308829992078245
6200,1,288373,152263,0.04282930004410446
6200,2,288373,152263,0.04241840005852282
6200,3,288373,152263,0.04396829998586327
6200,4,288373,152263,0.04494179994799197
6200,5,288373,152263,0.04254890000447631
6200,6,288373,152263,0.0433754000114277
6200,7,288373,152263,0.04317710001487285
6200,8,288373,152263,0.04388660006225109
6200,9,288373,152263,0.04550720006227493
6200,10,288373,152263,0.048299500020220876
6300,1,293190,154962,0.04519900004379451
6300,2,293190,154962,0.048314299900084734
6300,3,293190,154962,0.04475170001387596
6300,4,293190,154962,0.043944799923337996
6300,5,293190,154962,0.04248369997367263
6300,6,293190,154962,0.042005699942819774
6300,7,293190,154962,0.04417420004028827
6300,8,293190,154962,0.04398050007876009
6300,9,293190,154962,0.04649229999631643
6300,10,293190,154962,0.044606000068597496
6400,1,296619,157829,0.04483050003182143
6400,2,296619,157829,0.04290599992964417
6400,3,296619,157829,0.04667229996994138
6400,4,296619,157829,0.04434679995756596
6400,5,296619,157829,0.04525700001977384
6400,6,296619,157829,0.04449559992644936
6400,7,296619,157829,0.04358549998141825
6400,8,296619,157829,0.043841700069606304
6400,9,296619,157829,0.04441219998989254
6400,10,296619,157829,0.0456218000035733
6500,1,304503,162323,0.046809100080281496
6500,2,304503,162323,0.0463493000715971
6500,3,304503,162323,0.04704370000399649
6500,4,304503,162323,0.048704499960877
6500,5,304503,162323,0.04724220000207424
6500,6,304503,162323,0.04332199995405972
6500,7,304503,162323,0.043535899952985346
6500,8,304503,162323,0.044507999904453754
6500,9,304503,162323,0.04461580002680421
6500,10,304503,162323,0.04341739998199046
6600,1,308887,164376,0.045255700009875
6600,2,308887,164376,0.04515320004429668
6600,3,308887,164376,0.04643500002566725
6600,4,308887,164376,0.04617129999678582
6600,5,308887,164376,0.043658899958245456
6600,6,308887,164376,0.04558729997370392
6600,7,308887,164376,0.047303800005465746
6600,8,308887,164376,0.04706329992040992
6600,9,308887,164376,0.04560720000881702
6600,10,308887,164376,0.04450389998964965
6700,1,314162,167370,0.047263599932193756
6700,2,314162,167370,0.046288799960166216
6700,3,314162,167370,0.04625390004366636
6700,4,314162,167370,0.04790650005452335
6700,5,314162,167370,0.04976550000719726
6700,6,314162,167370,0.047249300056137145
6700,7,314162,167370,0.044825199991464615
6700,8,314162,167370,0.04522790003102273
6700,9,314162,167370,0.04475879995152354
6700,10,314162,167370,0.0455902999965474
6800,1,318652,168742,0.04475899995304644
6800,2,318652,168742,0.04502630000934005
6800,3,318652,168742,0.04587969998829067
6800,4,318652,168742,0.047527399961836636
6800,5,318652,168742,0.04595810000319034
6800,6,318652,168742,0.04713780002202839
6800,7,318652,168742,0.04772499995306134
6800,8,318652,168742,0.05000379995908588
6800,9,318652,168742,0.051431900006718934
6800,10,318652,168742,0.04830500006210059
6900,1,329316,174843,0.0491331999655813
6900,2,329316,174843,0.049539900035597384
6900,3,329316,174843,0.050760500016622245
6900,4,329316,174843,0.049072699970565736
6900,5,329316,174843,0.050417000078596175
6900,6,329316,174843,0.0503630000166595
6900,7,329316,174843,0.05060519999824464
6900,8,329316,174843,0.05446679994929582
6900,9,329316,174843,0.07802500005345792
6900,10,329316,174843,0.07405549997929484
7000,1,330803,176363,0.05173499998636544
7000,2,330803,176363,0.05061040003784001
7000,3,330803,176363,0.053630400099791586
7000,4,330803,176363,0.05579849996138364
7000,5,330803,176363,0.05201580002903938
7000,6,330803,176363,0.04927519999910146
7000,7,330803,176363,0.05007080000359565
7000,8,330803,176363,0.04880460002459586
7000,9,330803,176363,0.05230039998423308
7000,10,330803,176363,0.05053490004502237
7100,1,343556,184306,0.0514369000447914
7100,2,343556,184306,0.050877599976956844
7100,3,343556,184306,0.051681899931281805
7100,4,343556,184306,0.05452459992375225
7100,5,343556,184306,0.0444543999619782
7100,6,343556,184306,0.039159800042398274
7100,7,343556,184306,0.039949099998921156
7100,8,343556,184306,0.0383540999609977
7100,9,343556,184306,0.039693000027909875
7100,10,343556,184306,0.03888820006977767
7200,1,351601,189745,0.04184889991302043
7200,2,351601,189745,0.045074200024828315
7200,3,351601,189745,0.044998400029726326
7200,4,351601,189745,0.04290579992812127
7200,5,351601,189745,0.03899590007495135
7200,6,351601,189745,0.04019410000182688
7200,7,351601,189745,0.04154699994251132
7200,8,351601,189745,0.04502940003294498
7200,9,351601,189745,0.04180449992418289
7200,10,351601,189745,0.04538930009584874
7300,1,356161,192420,0.044653399963863194
7300,2,356161,192420,0.04697260004468262
7300,3,356161,192420,0.039288299973122776
7300,4,356161,192420,0.044521700008772314
7300,5,356161,192420,0.0418262000894174
7300,6,356161,192420,0.04182849999051541
7300,7,356161,192420,0.04897330002859235
7300,8,356161,192420,0.04786359996069223
7300,9,356161,192420,0.04671979998238385
7300,10,356161,192420,0.0479302000021562
7400,1,362822,194697,0.04329960001632571
7400,2,362822,194697,0.04062520002480596
7400,3,362822,194697,0.03835719998460263
7400,4,362822,194697,0.03994719998445362
7400,5,362822,194697,0.03915129997767508
7400,6,362822,194697,0.03954720008186996
7400,7,362822,194697,0.03960500005632639
7400,8,362822,194697,0.03966250002849847
7400,9,362822,194697,0.04410299996379763
7400,10,362822,194697,0.04431909997947514
7500,1,362614,193064,0.048151999944821
7500,2,362614,193064,0.04661469999700785
7500,3,362614,193064,0.042024899972602725
7500,4,362614,193064,0.039337199996225536
7500,5,362614,193064,0.04411070002242923
7500,6,362614,193064,0.04454399994574487
7500,7,362614,193064,0.04463010001927614
7500,8,362614,193064,0.045780599932186306
7500,9,362614,193064,0.044176099938340485
7500,10,362614,193064,0.04219910001847893
7600,1,365588,193654,0.04499830002896488
7600,2,365588,193654,0.04400759993586689
7600,3,365588,193654,0.044104899978265166
7600,4,365588,193654,0.0537064999807626
7600,5,365588,193654,0.040383399929851294
7600,6,365588,193654,0.047662400058470666
7600,7,365588,193654,0.04322640004102141
7600,8,365588,193654,0.04547650006134063
7600,9,365588,193654,0.04375279997475445
7600,10,365588,193654,0.04109690000768751
7700,1,374068,196904,0.04513230000156909
7700,2,374068,196904,0.0452317000599578
7700,3,374068,196904,0.041891700006090105
7700,4,374068,196904,0.039763799984939396
7700,5,374068,196904,0.0397711000405252
7700,6,374068,196904,0.040518200024962425
7700,7,374068,196904,0.04130839998833835
7700,8,374068,196904,0.040983499959111214
7700,9,374068,196904,0.041912300046533346
7700,10,374068,196904,0.040819099987857044
7800,1,382641,201029,0.041776300058700144
7800,2,382641,201029,0.041777599952183664
7800,3,382641,201029,0.04009329993277788
7800,4,382641,201029,0.04041360004339367
7800,5,382641,201029,0.041039600037038326
7800,6,382641,201029,0.04031860001850873
7800,7,382641,201029,0.041206999914720654
7800,8,382641,201029,0.041707900003530085
7800,9,382641,201029,0.04235749994404614
7800,10,382641,201029,0.044087199959903955
7900,1,381369,200089,0.03801609994843602
7900,2,381369,200089,0.04169820004608482
7900,3,381369,200089,0.04006829997524619
7900,4,381369,200089,0.041852799942716956
7900,5,381369,200089,0.04150559997651726
7900,6,381369,200089,0.04014649998862296
7900,7,381369,200089,0.0401868000626564
7900,8,381369,200089,0.04001480003353208
7900,9,381369,200089,0.04223030002322048
7900,10,381369,200089,0.04042279999703169
8000,1,394897,206637,0.042733300011605024
8000,2,394897,206637,0.04574710002634674
8000,3,394897,206637,0.04183620004914701
8000,4,394897,206637,0.041716900072060525
8000,5,394897,206637,0.04626919992733747
8000,6,394897,206637,0.04234239994548261
8000,7,394897,206637,0.04024450003635138
8000,8,394897,206637,0.041742000030353665
8000,9,394897,206637,0.04220160003751516
8000,10,394897,206637,0.04233810002915561
8100,1,403342,210155,0.040451700100675225
8100,2,403342,210155,0.040709099965170026
8100,3,403342,210155,0.04238840006291866
8100,4,403342,210155,0.04398060007952154
8100,5,403342,210155,0.04016330000013113
8100,6,403342,210155,0.044847500044852495
8100,7,403342,210155,0.04240449995268136
8100,8,403342,210155,0.04687980003654957
8100,9,403342,210155,0.04031710000708699
8100,10,403342,210155,0.04011389997322112
8200,1,402782,208939,0.04251050006132573
8200,2,402782,208939,0.04218410002067685
8200,3,402782,208939,0.04093919997103512
8200,4,402782,208939,0.041057299938984215
8200,5,402782,208939,0.04565370001364499
8200,6,402782,208939,0.04126710002310574
8200,7,402782,208939,0.041770000010728836
8200,8,402782,208939,0.0421028999844566
8200,9,402782,208939,0.04111810005269945
8200,10,402782,208939,0.040402699960395694
8300,1,411045,212991,0.04067719995509833
8300,2,411045,212991,0.04124029993545264
8300,3,411045,212991,0.04210920003242791
8300,4,411045,212991,0.041452699922956526
8300,5,411045,212991,0.041801100014708936
8300,6,411045,212991,0.04150219995062798
8300,7,411045,212991,0.03994199994485825
8300,8,411045,212991,0.043220299994573
8300,9,411045,212991,0.043173199985176325
8300,10,411045,212991,0.04225000005681068
8400,1,415057,214825,0.04039630002807826
8400,2,415057,214825,0.04537149996031076
8400,3,415057,214825,0.0410785999847576
8400,4,415057,214825,0.041955500026233494
8400,5,415057,214825,0.057201600051485
8400,6,415057,214825,0.06962369999382645
8400,7,415057,214825,0.042026499984785914
8400,8,415057,214825,0.04039829992689192
8400,9,415057,214825,0.04060499998740852
8400,10,415057,214825,0.04177639994304627
8500,1,420487,217015,0.04476379998959601
8500,2,420487,217015,0.04239319998305291
8500,3,420487,217015,0.04247200000099838
8500,4,420487,217015,0.04179559997282922
8500,5,420487,217015,0.04306319996248931
8500,6,420487,217015,0.04221960005816072
8500,7,420487,217015,0.04135940002743155
8500,8,420487,217015,0.041415999992750585
8500,9,420487,217015,0.042649999959394336
8500,10,420487,217015,0.04196800000499934
8600,1,429134,221999,0.043275600066408515
8600,2,429134,221999,0.044355499907396734
8600,3,429134,221999,0.04746939998585731
8600,4,429134,221999,0.043592399917542934
8600,5,429134,221999,0.04253580002114177
8600,6,429134,221999,0.04390560009051114
8600,7,429134,221999,0.04252260003704578
8600,8,429134,221999,0.04463119991123676
8600,9,429134,221999,0.04307280003558844
8600,10,429134,221999,0.045905399951152503
8700,1,434340,223486,0.042594099999405444
8700,2,434340,223486,0.04358830000273883
8700,3,434340,223486,0.04202839999925345
8700,4,434340,223486,0.04725159995723516
8700,5,434340,223486,0.055223300005309284
8700,6,434340,223486,0.055015600053593516
8700,7,434340,223486,0.05493480002041906
8700,8,434340,223486,0.0574553000042215
8700,9,434340,223486,0.05720019992440939
8700,10,434340,223486,0.05517920001875609
8800,1,433978,223792,0.05421079997904599
8800,2,433978,223792,0.054469200083985925
8800,3,433978,223792,0.057743399986065924
8800,4,433978,223792,0.05811099999118596
8800,5,433978,223792,0.05483359994832426
8800,6,433978,223792,0.05464860005304217
8800,7,433978,223792,0.05512620008084923
8800,8,433978,223792,0.058752099983394146
8800,9,433978,223792,0.05560810002498329
8800,10,433978,223792,0.054461700026877224
8900,1,444119,230885,0.05860930006019771
8900,2,444119,230885,0.056892900029197335
8900,3,444119,230885,0.055088500026613474
8900,4,444119,230885,0.055575900012627244
8900,5,444119,230885,0.05276420002337545
8900,6,444119,230885,0.053707499988377094
8900,7,444119,230885,0.057612799922935665
8900,8,444119,230885,0.05637210002169013
8900,9,444119,230885,0.05403900006785989
8900,10,444119,230885,0.054584299912676215
9000,1,452836,236630,0.05696339998394251
9000,2,452836,236630,0.059880000073462725
9000,3,452836,236630,0.0562834000447765
9000,4,452836,236630,0.055909099988639355
9000,5,452836,236630,0.06317460001446307
9000,6,452836,236630,0.058601299999281764
9000,7,452836,236630,0.05896749999374151
9000,8,452836,236630,0.055628799949772656
9000,9,452836,236630,0.05765059997793287
9000,10,452836,236630,0.056394799961708486
9100,1,455771,237132,0.055836700019426644
9100,2,455771,237132,0.05561030004173517
9100,3,455771,237132,0.05565909994766116
9100,4,455771,237132,0.05748029996175319
9100,5,455771,237132,0.058473700075410306
9100,6,455771,237132,0.06103910005185753
9100,7,455771,237132,0.056428999989293516
9100,8,455771,237132,0.05692290002480149
9100,9,455771,237132,0.05503569997381419
9100,10,455771,237132,0.06083430000580847
9200,1,463739,240149,0.058789200033061206
9200,2,463739,240149,0.058381799957714975
9200,3,463739,240149,0.05642209993675351
9200,4,463739,240149,0.05834310001228005
9200,5,463739,240149,0.05910460010636598
9200,6,463739,240149,0.058868100051768124
9200,7,463739,240149,0.05599969998002052
9200,8,463739,240149,0.05648600007407367
9200,9,463739,240149,0.055570999975316226
9200,10,463739,240149,0.05572009994648397
9300,1,466336,240968,0.057059899903833866
9300,2,466336,240968,0.05820039997342974
9300,3,466336,240968,0.05718649993650615
9300,4,466336,240968,0.05995000002440065
9300,5,466336,240968,0.055000599939376116
9300,6,466336,240968,0.055495599983260036
9300,7,466336,240968,0.055747700040228665
9300,8,466336,240968,0.06061270006466657
9300,9,466336,240968,0.06198750005569309
9300,10,466336,240968,0.06695559993386269
9400,1,467890,240392,0.06322510004974902
9400,2,467890,240392,0.06666300003416836
9400,3,467890,240392,0.06339720007963479
9400,4,467890,240392,0.06031900004018098
9400,5,467890,240392,0.059173300047405064
9400,6,467890,240392,0.05840029998216778
9400,7,467890,240392,0.059147999971173704
9400,8,467890,240392,0.07058119995053858
9400,9,467890,240392,0.07369810005184263
9400,10,467890,240392,0.07184099999722093
9500,1,478641,246889,0.06444460002239794
9500,2,478641,246889,0.061465200036764145
9500,3,478641,246889,0.06348130002152175
9500,4,478641,246889,0.06045850005466491
9500,5,478641,246889,0.061429599998518825
9500,6,478641,246889,0.06585959997028112
9500,7,478641,246889,0.06734159996267408
9500,8,478641,246889,0.07133550010621548
9500,9,478641,246889,0.06434949999675155
9500,10,478641,246889,0.046069700038060546
9600,1,487302,250610,0.04700539994519204
9600,2,487302,250610,0.04552980000153184
9600,3,487302,250610,0.04733269999269396
9600,4,487302,250610,0.04985269997268915
9600,5,487302,250610,0.04903049999848008
9600,6,487302,250610,0.04778169991914183
9600,7,487302,250610,0.0490589999826625
9600,8,487302,250610,0.04930960002820939
9600,9,487302,250610,0.05085789994336665
9600,10,487302,250610,0.05067089991644025
9700,1,484951,248830,0.05282340000849217
9700,2,484951,248830,0.04882289993111044
9700,3,484951,248830,0.04530120000708848
9700,4,484951,248830,0.046097800019197166
9700,5,484951,248830,0.04487609991338104
9700,6,484951,248830,0.04545670002698898
9700,7,484951,248830,0.04807540006004274
9700,8,484951,248830,0.0457809999352321
9700,9,484951,248830,0.0507285000057891
9700,10,484951,248830,0.047157600056380033
9800,1,495306,252807,0.04492100002244115
9800,2,495306,252807,0.04715660004876554
9800,3,495306,252807,0.044451799942180514
9800,4,495306,252807,0.046791299944743514
9800,5,495306,252807,0.047564800013788044
9800,6,495306,252807,0.047342199948616326
9800,7,495306,252807,0.045439899899065495
9800,8,495306,252807,0.04678159998729825
9800,9,495306,252807,0.04692950006574392
9800,10,495306,252807,0.04892969992943108
9900,1,503101,255786,0.04776830004993826
9900,2,503101,255786,0.04643969994504005
9900,3,503101,255786,0.04571320000104606
9900,4,503101,255786,0.04528229997958988
9900,5,503101,255786,0.04644379997625947
9900,6,503101,255786,0.04882899997755885
9900,7,503101,255786,0.04899789998307824
9900,8,503101,255786,0.046640199958346784
9900,9,503101,255786,0.05030200001783669
9900,10,503101,255786,0.059632399934343994
10000,1,505533,256222,0.05662339995615184
10000,2,505533,256222,0.059509500046260655
10000,3,505533,256222,0.057691400055773556
10000,4,505533,256222,0.05642709997482598
10000,5,505533,256222,0.05613759998232126
10000,6,505533,256222,0.0559215999674052
10000,7,505533,256222,0.05701820005197078
10000,8,505533,256222,0.058109300094656646
10000,9,505533,256222,0.05650250008329749
10000,10,505533,256222,0.0599311999976635
